{"timestamp": 1756738824.2649364, "classes": ["no_brick", "blue_2x2_good", "white_1x3_damaged", "blue_2x2_damaged"], "confidences": [0.5143594741821289, 0.31557172536849976, 0.1644899696111679, 0.003984797280281782]}