{"timestamp": 1756815383.0398757, "classes": ["no_brick", "blue_2x2_good", "white_1x3_damaged", "blue_1x6_damaged"], "confidences": [0.9559011459350586, 0.03359360992908478, 0.01023745909333229, 0.00011387864651624113]}