{"timestamp": 1756389712.8686082, "classes": ["no_brick", "blue_2x2_good", "white_1x3_damaged", "blue_1x6_damaged"], "confidences": [0.8652334809303284, 0.11496539413928986, 0.018990211188793182, 0.0002606927009765059]}