{"timestamp": 1756988075.9263232, "classes": ["no_brick", "white_1x3_damaged", "blue_2x2_good", "blue_2x2_damaged"], "confidences": [0.9048687219619751, 0.04734507203102112, 0.04491569101810455, 0.0009644501260481775]}